[{"id":"c4996721703969e27bed9cf1c2452d84cfc78d36","status":4,"status_text":"","author_email":"ryan_ferguson@mckinsey.com","author":"Ryan Ferguson","deployer":"GitHub","message":"fixes\n","progress":"","received_time":"2019-04-04T22:09:35.6882804Z","start_time":"2019-04-04T22:09:35.8931593Z","end_time":"2019-04-04T22:10:24.9345032Z","last_success_end_time":"2019-04-04T22:10:24.9345032Z","complete":true,"active":true,"is_temp":false,"is_readonly":false,"url":"https://alpineprod.scm.azurewebsites.net/api/deployments/c4996721703969e27bed9cf1c2452d84cfc78d36","log_url":"https://alpineprod.scm.azurewebsites.net/api/deployments/c4996721703969e27bed9cf1c2452d84cfc78d36/log","site_name":"alpineprod","provisioningState":null},{"id":"cec04cf26a5901ba7c9d1f906173eb90a6d0df03","status":4,"status_text":"","author_email":"1554735+nurih@users.noreply.github.com","author":"nurih","deployer":"GitHub","message":"more stuff\n","progress":"","received_time":"2019-04-04T19:56:25.6510774Z","start_time":"2019-04-04T19:56:25.9044984Z","end_time":"2019-04-04T19:57:05.7196913Z","last_success_end_time":"2019-04-04T19:57:05.7196913Z","complete":true,"active":false,"is_temp":false,"is_readonly":false,"url":"https://alpineprod.scm.azurewebsites.net/api/deployments/cec04cf26a5901ba7c9d1f906173eb90a6d0df03","log_url":"https://alpineprod.scm.azurewebsites.net/api/deployments/cec04cf26a5901ba7c9d1f906173eb90a6d0df03/log","site_name":"alpineprod","provisioningState":null},{"id":"0644080c51c1baafd233a4293105131319fcfc24","status":4,"status_text":"","author_email":"ryan_ferguson@mckinsey.com","author":"Ryan Ferguson","deployer":"GitHub","message":"fixes\n","progress":"","received_time":"2019-04-04T19:10:36.6520141Z","start_time":"2019-04-04T19:10:36.9170119Z","end_time":"2019-04-04T19:11:17.0029427Z","last_success_end_time":"2019-04-04T19:11:17.0029427Z","complete":true,"active":false,"is_temp":false,"is_readonly":false,"url":"https://alpineprod.scm.azurewebsites.net/api/deployments/0644080c51c1baafd233a4293105131319fcfc24","log_url":"https://alpineprod.scm.azurewebsites.net/api/deployments/0644080c51c1baafd233a4293105131319fcfc24/log","site_name":"alpineprod","provisioningState":null},{"id":"46e94431a373d7d1e967a1866a56608e22c1cdbb","status":4,"status_text":"","author_email":"1554735+nurih@users.noreply.github.com","author":"nurih","deployer":"GitHub","message":"luis query\n","progress":"","received_time":"2019-04-04T18:56:38.7266247Z","start_time":"2019-04-04T18:56:38.9947577Z","end_time":"2019-04-04T18:57:17.9822869Z","last_success_end_time":"2019-04-04T18:57:17.9822869Z","complete":true,"active":false,"is_temp":false,"is_readonly":false,"url":"https://alpineprod.scm.azurewebsites.net/api/deployments/46e94431a373d7d1e967a1866a56608e22c1cdbb","log_url":"https://alpineprod.scm.azurewebsites.net/api/deployments/46e94431a373d7d1e967a1866a56608e22c1cdbb/log","site_name":"alpineprod","provisioningState":null},{"id":"839ca56766e415ca6b37fd6c7a3f40301fd74093","status":4,"status_text":"","author_email":"1554735+nurih@users.noreply.github.com","author":"nurih","deployer":"GitHub","message":"support canceling\n","progress":"","received_time":"2019-04-04T17:28:35.4482102Z","start_time":"2019-04-04T17:28:35.698216Z","end_time":"2019-04-04T17:29:17.0277629Z","last_success_end_time":"2019-04-04T17:29:17.0277629Z","complete":true,"active":false,"is_temp":false,"is_readonly":false,"url":"https://alpineprod.scm.azurewebsites.net/api/deployments/839ca56766e415ca6b37fd6c7a3f40301fd74093","log_url":"https://alpineprod.scm.azurewebsites.net/api/deployments/839ca56766e415ca6b37fd6c7a3f40301fd74093/log","site_name":"alpineprod","provisioningState":null},{"id":"6102d6a984de87dbe62415557b70c26caeb74853","status":4,"status_text":"","author_email":"1554735+nurih@users.noreply.github.com","author":"nurih","deployer":"GitHub","message":"unused removed\n","progress":"","received_time":"2019-04-04T00:11:34.3797109Z","start_time":"2019-04-04T00:11:34.6297235Z","end_time":"2019-04-04T00:12:12.601344Z","last_success_end_time":"2019-04-04T00:12:12.601344Z","complete":true,"active":false,"is_temp":false,"is_readonly":false,"url":"https://alpineprod.scm.azurewebsites.net/api/deployments/6102d6a984de87dbe62415557b70c26caeb74853","log_url":"https://alpineprod.scm.azurewebsites.net/api/deployments/6102d6a984de87dbe62415557b70c26caeb74853/log","site_name":"alpineprod","provisioningState":null},{"id":"480ae366f9da55f79596f1579f453d564dcb0be0","status":4,"status_text":"","author_email":"1554735+nurih@users.noreply.github.com","author":"nurih","deployer":"GitHub","message":"navigate returns carousel\n","progress":"","received_time":"2019-04-04T00:10:24.2511756Z","start_time":"2019-04-04T00:10:24.5003292Z","end_time":"2019-04-04T00:11:03.4596911Z","last_success_end_time":"2019-04-04T00:11:03.4596911Z","complete":true,"active":false,"is_temp":false,"is_readonly":false,"url":"https://alpineprod.scm.azurewebsites.net/api/deployments/480ae366f9da55f79596f1579f453d564dcb0be0","log_url":"https://alpineprod.scm.azurewebsites.net/api/deployments/480ae366f9da55f79596f1579f453d564dcb0be0/log","site_name":"alpineprod","provisioningState":null},{"id":"9cc4ccc45b8627638f7e02f5879b384b2342a3b3","status":4,"status_text":"","author_email":"ryan_ferguson@mckinsey.com","author":"Ryan Ferguson","deployer":"GitHub","message":"fixes\n","progress":"","received_time":"2019-04-03T23:58:52.2136813Z","start_time":"2019-04-03T23:58:52.4479351Z","end_time":"2019-04-03T23:59:31.5391429Z","last_success_end_time":"2019-04-03T23:59:31.5391429Z","complete":true,"active":false,"is_temp":false,"is_readonly":false,"url":"https://alpineprod.scm.azurewebsites.net/api/deployments/9cc4ccc45b8627638f7e02f5879b384b2342a3b3","log_url":"https://alpineprod.scm.azurewebsites.net/api/deployments/9cc4ccc45b8627638f7e02f5879b384b2342a3b3/log","site_name":"alpineprod","provisioningState":null},{"id":"95f43fb6ebd3e6c187a12372d3524426cde8c424","status":4,"status_text":"","author_email":"ryan_ferguson@mckinsey.com","author":"Ryan Ferguson","deployer":"GitHub","message":"fixes\n","progress":"","received_time":"2019-04-03T23:42:05.3119321Z","start_time":"2019-04-03T23:42:05.5306887Z","end_time":"2019-04-03T23:42:44.2243108Z","last_success_end_time":"2019-04-03T23:42:44.2243108Z","complete":true,"active":false,"is_temp":false,"is_readonly":false,"url":"https://alpineprod.scm.azurewebsites.net/api/deployments/95f43fb6ebd3e6c187a12372d3524426cde8c424","log_url":"https://alpineprod.scm.azurewebsites.net/api/deployments/95f43fb6ebd3e6c187a12372d3524426cde8c424/log","site_name":"alpineprod","provisioningState":null},{"id":"57d97afcc2bc1d2bc8245a4bfb40f70e5772c279","status":4,"status_text":"","author_email":"ryan_ferguson@mckinsey.com","author":"Ryan Ferguson","deployer":"GitHub","message":"Merge branch 'master' of github.com:RJFerguson/SkiHouseMusicBot\n\n the commit merges\n","progress":"","received_time":"2019-04-03T23:36:11.5146489Z","start_time":"2019-04-03T23:36:11.7490222Z","end_time":"2019-04-03T23:36:57.804221Z","last_success_end_time":"2019-04-03T23:36:57.804221Z","complete":true,"active":false,"is_temp":false,"is_readonly":false,"url":"https://alpineprod.scm.azurewebsites.net/api/deployments/57d97afcc2bc1d2bc8245a4bfb40f70e5772c279","log_url":"https://alpineprod.scm.azurewebsites.net/api/deployments/57d97afcc2bc1d2bc8245a4bfb40f70e5772c279/log","site_name":"alpineprod","provisioningState":null}]