{"deployment_branch":"master","SCM_TRACE_LEVEL":"1","SCM_COMMAND_IDLE_TIMEOUT":"60","SCM_LOGSTREAM_TIMEOUT":"1800","SCM_BUILD_ARGS":"","aspnet:PortableCompilationOutput":"true","aspnet:PortableCompilationOutputSnapshotType":"Microsoft.Web.Compilation.Snapshots.SnapshotHelper, Microsoft.Web.Compilation.Snapshots, Version=1.0.0.0, Culture=neutral, PublicKeyToken=31bf3856ad364e35","aspnet:DisableFcnDaclRead":"true","SCM_GIT_USERNAME":"windowsazure","SCM_GIT_EMAIL":"windowsazure","webpages:Version":"3.0.0.0","webpages:Enabled":"true","webactivator:assembliesToScan":"Kudu.Services.Web","ScmType":"GitHub","WEBSITE_AUTH_ENABLED":"False","microsoftAppPassword":"8GPUM&4SaBqB+STjlC_G3M;}*Dq","WEBSITE_HTTPLOGGING_RETENTION_DAYS":"14","WEBSITE_NODE_DEFAULT_VERSION":"10.14.1","botFilePath":"./test-cool-bot.bot","microsoftAppID":"0ca2d667-a6ee-4253-9dd4-65f3704d09a1","WEBSITE_SITE_NAME":"alpineprod","branch":"master"}