[
    {
        "bandName": "The Original V.I.",
        "genre": "Hip-Hop",
        "image": "The_Original_V.I.jpg",
        "description": "The founder of educational rap. This old-school band continues to delight audiences with rhymes and styles of a distinctly classic flavor. Their most recent album _Its colon W Q!_ is a direct shot at V.I.M who many feel is a poor, manufactured imitation of The Original V.I.",
        "id": "1",
        "stage": "Dev",
        "startTime": "11:00 AM",
        "endTime": "12:30 PM",
        "date": "August 16",
        "day": "Friday"
    },
    {
        "bandName": "The Accumulators",
        "genre": "Rock",
        "image": "The_Accumulators.jpg",
        "description": "The clear headliner. The Accumulators live up to their name, accumulating 14 billboard hits and three gold records. Get to the stage early, this will be a crowded show.",
        "id": "2",
        "stage": "Test",
        "startTime": "11:00 AM",
        "endTime": "12:30 PM",
        "date": "August 16",
        "day": "Friday"
    },
    {
        "bandName": "The Convolutional Layers",
        "genre": "Rock",
        "image": "The_Convolutional_Layers.jpg",
        "description": "Who needs a piano player when you have a player piano? The Convolutional Layers let their instruments do the rocking. ",
        "id": "3",
        "stage": "Prod",
        "startTime": "11:00 AM",
        "endTime": "12:30 PM",
        "date": "August 16",
        "day": "Friday"
    },
    {
        "bandName": "The Five Nines Crew",
        "genre": "Hip-Hop",
        "image": "The_Five_Nines_Crew.jpg",
        "description": "The school of hard knocks molded this crew from the mean streets of Redmond. They spit effortless lyrics of integrated continuity with a linguistic agility rarely seen on the West Coast. There was some fear of a lackluster second album, but The Five Nines Crew continues to drop the mic. ",
        "id": "4",
        "stage": "Dev",
        "startTime": "1:00 PM",
        "endTime": "2:30 PM",
        "date": "August 16",
        "day": "Friday"
    },
    {
        "bandName": "Suburban Sod",
        "genre": "Rock",
        "image": "Suburban_Sod.jpg",
        "description": "Leave suburbia in the dust. Suburban Sod will blast your eardrums so you never have to hear the lawnmower again.",
        "id": "5",
        "stage": "Test",
        "startTime": "1:00 PM",
        "endTime": "2:30 PM",
        "date": "August 16",
        "day": "Friday"
    },
    {
        "bandName": "Descafeinado",
        "genre": "Alternative",
        "image": "Descafeinado.jpg",
        "description": "Descafeinado explores the softer side of alternative, blending familiar classical phrases with remixed nature sounds to create something entirely new. ",
        "id": "6",
        "stage": "Prod",
        "startTime": "1:00 PM",
        "endTime": "2:30 PM",
        "date": "August 16",
        "day": "Friday"
    },
    {
        "bandName": "The Wobble Mops",
        "genre": "Rock",
        "image": "The_Wobble_Mops.jpg",
        "description": "Funny name. Serious music. The Wobble Mops will make you think about your feelings. It's okay to cry.",
        "id": "7",
        "stage": "Dev",
        "startTime": "3:00 PM",
        "endTime": "4:30 PM",
        "date": "August 16",
        "day": "Friday"
    },
    {
        "bandName": "The Dixie Flatline Experience",
        "genre": "Blues",
        "image": "The_Dixie_Flatline_Experience.jpg",
        "description": "The Dixie Flatline puts the I in ROI. He's selfish, smug and the ultimate self-starter. His bandmates do the heavy lifting, which is how he likes it.",
        "id": "8",
        "stage": "Test",
        "startTime": "3:00 PM",
        "endTime": "4:30 PM",
        "date": "August 16",
        "day": "Friday"
    },
    {
        "bandName": "Console Cowboys",
        "genre": "Alternative",
        "image": "Console_Cowboys.jpg",
        "description": "Break beat boundaries with us!  The Console Cowboys rope in the newest sounds, ride the latest beats, and wake up your musical animal. ",
        "id": "9",
        "stage": "Prod",
        "startTime": "3:00 PM",
        "endTime": "4:30 PM",
        "date": "August 16",
        "day": "Friday"
    },
    {
        "bandName": "Licorice Pizza",
        "genre": "Electronic",
        "image": "Licorice_Pizza.gif",
        "description": "Be pleasantly surprised by a collection of mash-ups you never thought could work.",
        "id": "10",
        "stage": "Dev",
        "startTime": "5:00 PM",
        "endTime": "6:30 PM",
        "date": "August 16",
        "day": "Friday"
    },
    {
        "bandName": "Push to Master",
        "genre": "Alternative",
        "image": "Push_to_Master.jpg",
        "description": "Push to Master is as soulful as they are edgy. Their debut album _Never Branch_ stirred up serious controversy in the Indie community.",
        "id": "11",
        "stage": "Test",
        "startTime": "5:00 PM",
        "endTime": "6:30 PM",
        "date": "August 16",
        "day": "Friday"
    },
    {
        "bandName": "The Veritable Bugaboos",
        "genre": "Alternative",
        "image": "The_Veritable_Bugaboos.jpg",
        "description": "The truth. The whole truth. And nothing but the truth. ",
        "id": "12",
        "stage": "Prod",
        "startTime": "5:00 PM",
        "endTime": "6:30 PM",
        "date": "August 16",
        "day": "Friday"
    },
    {
        "bandName": "Stack Trance",
        "genre": "Electronic",
        "image": "Stack_Trance.jpg",
        "description": "If music from Stack Trance sounds like an hour-long improvised jam session, that’s because it is. Expect the unexpected! With Stack Trance, you know you won't get the same show twice.",
        "id": "13",
        "stage": "Dev",
        "startTime": "7:00 PM",
        "endTime": "8:30 PM",
        "date": "August 16",
        "day": "Friday"
    },
    {
        "bandName": "That",
        "genre": "Alternative",
        "image": "That.jpg",
        "description": "That _That_ has become so popular despite their confusing name is testament to the popularity of her shoegaze-psychadelia sounds. That's all there is to it.  ",
        "id": "14",
        "stage": "Test",
        "startTime": "7:00 PM",
        "endTime": "8:30 PM",
        "date": "August 16",
        "day": "Friday"
    },
    {
        "bandName": "Zen Mode",
        "genre": "Alternative",
        "image": "Zen_Mode.jpg",
        "description": "Zia. Esmina. Nita.  Headed your way.  Just try to zone us out!",
        "id": "15",
        "stage": "Prod",
        "startTime": "7:00 PM",
        "endTime": "8:30 PM",
        "date": "August 16",
        "day": "Friday"
    },
    {
        "bandName": "2% Milk",
        "genre": "Alternative",
        "image": "2_Milk.jpg",
        "description": "What's more refreshing than milk on a hot day? Get a healthy dose of 2% beats to quench your thirst.",
        "id": "16",
        "stage": "Dev",
        "startTime": "9:00 PM",
        "endTime": "10:30 PM",
        "date": "August 16",
        "day": "Friday"
    },
    {
        "bandName": "Tip of the CaaP",
        "genre": "Blues",
        "image": "Tip_of_the_CaaP.jpg",
        "description": "Tip of the CaaP may have started from humble roots in rural Montana, but their global fan base can't get enough of hits like _I got nothing to say. Bot, we need to talk._",
        "id": "17",
        "stage": "Test",
        "startTime": "9:00 PM",
        "endTime": "10:30 PM",
        "date": "August 16",
        "day": "Friday"
    },
    {
        "bandName": "Upgrade Path",
        "genre": "Blues",
        "image": "Upgrade_Path.jpg",
        "description": "Though sometimes tough to get through, Upgrade Path's music will leave you better off. ",
        "id": "18",
        "stage": "Prod",
        "startTime": "9:00 PM",
        "endTime": "10:30 PM",
        "date": "August 16",
        "day": "Friday"
    },
    {
        "bandName": "Kanban Karate",
        "genre": "Alternative",
        "image": "Kanban_Karate.jpg",
        "description": "Kanban Karate just keeps churning out hits. Once they set their mind on what they need _to do_, they're immediately _in progress_, and then they're _done_!",
        "id": "19",
        "stage": "Dev",
        "startTime": "11:00 AM",
        "endTime": "12:30 PM",
        "date": "August 17",
        "day": "Saturday"
    },
    {
        "bandName": "P Zero",
        "genre": "Electronic",
        "image": "P_Zero.jpg",
        "description": "P Zero unites haunting vocals and room-shaking base. One thing's for sure - you can't ignore P Zero. ",
        "id": "20",
        "stage": "Test",
        "startTime": "11:00 AM",
        "endTime": "12:30 PM",
        "date": "August 17",
        "day": "Saturday"
    },
    {
        "bandName": "V.I.M.",
        "genre": "Hip-Hop",
        "image": "VIM.jpg",
        "description": "V.I.M. delivers lyrical rhymes backed by brass instruments. You might think they sound familiar - expect controversy with The Original V.I sharing the same stage.",
        "id": "21",
        "stage": "Prod",
        "startTime": "11:00 AM",
        "endTime": "12:30 PM",
        "date": "August 17",
        "day": "Saturday"
    },
    {
        "bandName": "Azure Sky",
        "genre": "Blues",
        "image": "Toothpick_Dave.jpg",
        "description": "Disruptive deep blues band characterized by the call-and-response pattern and electric tones that transport you to the cloud in no-time. The progressive chords generate a continuous melody associate mainly to the major scales.",
        "id": "22",
        "stage": "Dev",
        "startTime": "1:00 PM",
        "endTime": "2:30 PM",
        "date": "August 17",
        "day": "Saturday"
    },
    {
        "bandName": "The Package Managers",
        "genre": "Alternative",
        "image": "The_Package_Managers.jpg",
        "description": "Sure, The Package Managers' first album _Nuget_ had a strong following, but it wasn't until their latest release _NPM_ that they entered the mainstream. Early fans accuse them of selling out, but it's impossible to get hits like _Love Express_ and _Promise You'll Return_ out of your head.",
        "id": "23",
        "stage": "Test",
        "startTime": "1:00 PM",
        "endTime": "2:30 PM",
        "date": "August 17",
        "day": "Saturday"
    },
    {
        "bandName": "Edge Case",
        "genre": "Electronic",
        "image": "Edge_Case.gif",
        "description": "Edge Case is most known for their hit _Redmond Rage_ but don't let those slow beats fool you. Ten minutes or less with Edge Case and you will be running for your ear plugs. ",
        "id": "24",
        "stage": "Prod",
        "startTime": "1:00 PM",
        "endTime": "2:30 PM",
        "date": "August 17",
        "day": "Saturday"
    },
    {
        "bandName": "Rockabilly Runtime Error",
        "genre": "Country",
        "image": "Rockabilly_Runtime.jpg",
        "description": "Shooby-do-we-bop-bot. Rockabilly Runtime Error brings the kind of sound best listened to on a juke box with a malty in your hand. ",
        "id": "25",
        "stage": "Dev",
        "startTime": "3:00 PM",
        "endTime": "4:30 PM",
        "date": "August 17",
        "day": "Saturday"
    },
    {
        "bandName": "The Honky-Tonk Hardware",
        "genre": "Country",
        "image": "The_Honky_Tonk_Hardware.jpg",
        "description": "Lean back and take the journey with The Honky-Tonk Hardware. They are storytellers, here to share a little love, a little friendship, and a whole lot of heartbreak. ",
        "id": "26",
        "stage": "Test",
        "startTime": "3:00 PM",
        "endTime": "4:30 PM",
        "date": "August 17",
        "day": "Saturday"
    },
    {
        "bandName": "Minigolf Champion",
        "genre": "Alternative",
        "image": "Minigolf_Champion.jpg",
        "description": "Fans fall in love with the small swings throughout MgC's tracks. Hear the roar of an everyday champion through the billboard hit _Hole in Won_.",
        "id": "27",
        "stage": "Prod",
        "startTime": "3:00 PM",
        "endTime": "4:30 PM",
        "date": "August 17",
        "day": "Saturday"
    },
    {
        "bandName": "Beat Flow",
        "genre": "Jazz",
        "image": "Beat_Flow.jpg",
        "description": "Inspired by the phrase, \"first comes the beat, then comes the flow,\" Beat Flow is known for their ability to incorporate different styles of jazz into one breakout song. Their hit _Type of Scripts_ is  bringing a whole new audience to the improvisational jazz community. ",
        "id": "28",
        "stage": "Dev",
        "startTime": "5:00 PM",
        "endTime": "6:30 PM",
        "date": "August 17",
        "day": "Saturday"
    },
    {
        "bandName": "AVALANCHA",
        "genre": "Alternative",
        "image": "AVALANCHA.png",
        "description": "Don’t get buried in the beats. AVALANCHA cuts new musical terrain right under your feet.",
        "id": "29",
        "stage": "Test",
        "startTime": "5:00 PM",
        "endTime": "6:30 PM",
        "date": "August 17",
        "day": "Saturday"
    },
    {
        "bandName": "The Spin Proctors",
        "genre": "Alternative",
        "image": "The_Spin_Proctors.jpg",
        "description": "Poetic lyrics written during long nights at coding events inspired this unlikely trio to enter the music game. Their decade-old debut album _-;,_ still resonates with their software-engineering fan base. ",
        "id": "30",
        "stage": "Prod",
        "startTime": "5:00 PM",
        "endTime": "6:30 PM",
        "date": "August 17",
        "day": "Saturday"
    },
    {
        "bandName": "The Buttered Breads",
        "genre": "Rock",
        "image": "The_Buttered_Breads.jpg",
        "description": "What's smoother than butter? Buttered Breads.",
        "id": "31",
        "stage": "Dev",
        "startTime": "7:00 PM",
        "endTime": "8:30 PM",
        "date": "August 17",
        "day": "Saturday"
    },
    {
        "bandName": "Wintermute",
        "genre": "Alternative",
        "image": "Wintermute.jpg",
        "description": "Wintermute turns everything you think you know upside in! Be ready to have your mind blown by this super-intelligent musical master.",
        "id": "32",
        "stage": "Test",
        "startTime": "7:00 PM",
        "endTime": "8:30 PM",
        "date": "August 17",
        "day": "Saturday"
    },
    {
        "bandName": "CTRL! Alt + Delete",
        "genre": "Alternative",
        "image": "CTRL_Alt_Delete.jpg",
        "description": "This Seattle-based artist has tried many different genres but always finds herself coming back to Ukranian Nuclear Fuzz-Grunge. ",
        "id": "33",
        "stage": "Prod",
        "startTime": "7:00 PM",
        "endTime": "8:30 PM",
        "date": "August 17",
        "day": "Saturday"
    },
    {
        "bandName": "Beepboop",
        "genre": "Electronic",
        "image": "Beepboop.jpg",
        "description": "Inspired by science fiction movies, Beepboop is like the robot friend your mom wouldn't let you keep. Why bother learning Klingon, when robot speak sounds like this?!",
        "id": "34",
        "stage": "Dev",
        "startTime": "9:00 PM",
        "endTime": "10:30 PM",
        "date": "August 17",
        "day": "Saturday"
    },
    {
        "bandName": "Supermarket Sushi",
        "genre": "Rock",
        "image": "Supermarket_Sushi.jpg",
        "description": "Freshify your rock with Supermarket Sushi! We keep the beat alive until you're satisfied.",
        "id": "35",
        "stage": "Test",
        "startTime": "9:00 PM",
        "endTime": "10:30 PM",
        "date": "August 17",
        "day": "Saturday"
    },
    {
        "bandName": "Backslash",
        "genre": "Electronic",
        "image": "Backslash.jpg",
        "description": "Backslash's iconic song _Character Escape_ captured the hearts of the EDM crowd. Their much anticipated album _Hardcode THIS_ has already presold over a million copies. ",
        "id": "36",
        "stage": "Prod",
        "startTime": "9:00 PM",
        "endTime": "10:30 PM",
        "date": "August 17",
        "day": "Saturday"
    },
    {
        "bandName": "Recurring Nightmares",
        "genre": "Rock",
        "image": "Recurring_Nightmares.jpg",
        "description": "You're not asleep; the nightmare is real. Revel in it.",
        "id": "37",
        "stage": "Dev",
        "startTime": "11:00 AM",
        "endTime": "12:30 PM",
        "date": "August 18",
        "day": "Sunday"
    },
    {
        "bandName": "Drop the Databass",
        "genre": "Electronic",
        "image": "Drop_the_Databass.jpg",
        "description": "Every time they drop the bass, a database is deleted.",
        "id": "38",
        "stage": "Test",
        "startTime": "11:00 AM",
        "endTime": "12:30 PM",
        "date": "August 18",
        "day": "Sunday"
    },
    {
        "bandName": "DJ Spooky Biscuits",
        "genre": "Electronic",
        "image": "DJ_Spooky_Biscuits.png",
        "description": "Biscuits may haunt you in the morning, but DJ Spooky Biscuits will keep you up at night. Get your night vision ready.",
        "id": "39",
        "stage": "Prod",
        "startTime": "11:00 AM",
        "endTime": "12:30 PM",
        "date": "August 18",
        "day": "Sunday"
    },
    {
        "bandName": "We As Code",
        "genre": "Hip-Hop",
        "image": "We_As_Code.jpg",
        "description": "Heavily inspired by the educational rap movement with the likes of V.I.M. and the Original V.I., We As Code integrated elements from genre legends to create something totally new.  We As Code's song _I've got 99 Extensions_ encourages people everywhere to create their own music.",
        "id": "40",
        "stage": "Dev",
        "startTime": "1:00 PM",
        "endTime": "2:30 PM",
        "date": "August 18",
        "day": "Sunday"
    },
    {
        "bandName": "The Turing Tester",
        "genre": "Electronic",
        "image": "The_Turing_Tester.jpg",
        "description": "Are you a human? Are you a machine? By the end of her glitch-pop set, The Turing Tester will have you questioning your very existence. ",
        "id": "41",
        "stage": "Test",
        "startTime": "1:00 PM",
        "endTime": "2:30 PM",
        "date": "August 18",
        "day": "Sunday"
    },
    {
        "bandName": "Angry Atticus",
        "genre": "Rock",
        "image": "Angry_Atticus.gif",
        "description": "Don't miss this show! Angry Atticus is expected to debut singles from her newest record _FOMO_. Her signature guitar solos mixed with soothing instrumentals are sure to leave you everything but angry.",
        "id": "42",
        "stage": "Prod",
        "startTime": "1:00 PM",
        "endTime": "2:30 PM",
        "date": "August 18",
        "day": "Sunday"
    },
    {
        "bandName": "The Mean Squared Errors",
        "genre": "Rock",
        "image": "The_Mean_Squared_Errors.jpg",
        "description": "The Mean Square Errors are here to show you just how off your estimate is. #MSD ",
        "id": "43",
        "stage": "Dev",
        "startTime": "3:00 PM",
        "endTime": "4:30 PM",
        "date": "August 18",
        "day": "Sunday"
    },
    {
        "bandName": "Tabs and Spaces",
        "genre": "Jazz",
        "image": "Tabs_and_Spaces.jpg",
        "description": "Tabs and Spaces is shaking up the jazz world. Their controversial album _Who Cares, my IDE will handle it_ created a schism in the musical community.",
        "id": "44",
        "stage": "Test",
        "startTime": "3:00 PM",
        "endTime": "4:30 PM",
        "date": "August 18",
        "day": "Sunday"
    },
    {
        "bandName": "The Asymmetric Keys",
        "genre": "Jazz",
        "image": "The_Asymmetric_Keys.jpg",
        "description": "Such fast fingers on the jazz flute have redefined how we understand music, harmony and love itself. You'll love The Asymmetric Keys.",
        "id": "45",
        "stage": "Prod",
        "startTime": "3:00 PM",
        "endTime": "4:30 PM",
        "date": "August 18",
        "day": "Sunday"
    },
    {
        "bandName": "The Map Reducer",
        "genre": "Alternative",
        "image": "The_Map_Reducer.jpg",
        "description": "The Map Reducer, best known for her single _Nama-STAR_ is a direct hit at the Northwest yoga community. Kombucha and kale are strictly banned from this show. ",
        "id": "46",
        "stage": "Dev",
        "startTime": "5:00 PM",
        "endTime": "6:30 PM",
        "date": "August 18",
        "day": "Sunday"
    },
    {
        "bandName": "Retromoto",
        "genre": "Jazz",
        "image": "Retromoto.gif",
        "description": "Give your ears a ride on the retro train. Toot toot, Retromoto is coming around the corner at full jazz.",
        "id": "47",
        "stage": "Test",
        "startTime": "5:00 PM",
        "endTime": "6:30 PM",
        "date": "August 18",
        "day": "Sunday"
    },
    {
        "bandName": "Feature Bug",
        "genre": "Electronic",
        "image": "Feature_Bug.jpg",
        "description": "Feature Bug is known for incorporating glitchy electronic sounds with unexpected silences. Their number 1 song _itworks_ contains a one-minute silence in the middle of the track. Unsuspecting listeners may think their headphones are broken, but Feature Bug fans (aka Buggies) know that the silence is exactly what's working.",
        "id": "48",
        "stage": "Prod",
        "startTime": "5:00 PM",
        "endTime": "6:30 PM",
        "date": "August 18",
        "day": "Sunday"
    },
    {
        "bandName": "The Shared Secrets",
        "genre": "Jazz",
        "image": "The_Shared_Secrets.jpg",
        "description": "Their music might sound cryptic to the average listener, but if you're in the know The Shared Secrets unlock a world of meaning. ",
        "id": "49",
        "stage": "Dev",
        "startTime": "7:00 PM",
        "endTime": "8:30 PM",
        "date": "August 18",
        "day": "Sunday"
    },
    {
        "bandName": "YELLING",
        "genre": "Rock",
        "image": "YELLING.jpg",
        "description": "Don’t let the name scare you away. Actually, you should probably let the name scare you away…",
        "id": "50",
        "stage": "Test",
        "startTime": "7:00 PM",
        "endTime": "8:30 PM",
        "date": "August 18",
        "day": "Sunday"
    }
]